City_ID,City,Lat,Lng,Max Temp,Humidity,Cloudiness,Wind Speed,Country,Date
0,phan thiet,10.9333,108.1,27.18,91,100,3.12,VN,1683392901
1,katsuren-haebaru,26.3369,127.8719,25.22,88,100,5.0,JP,1683392901
2,paracuru,-3.41,-39.0306,29.5,64,46,6.19,BR,1683392887
3,adamstown,-25.066,-130.1015,21.93,84,100,5.39,PN,1683392901
4,lorengau,-2.0226,147.2712,27.09,83,31,2.14,PG,1683392902
5,puerto san jose,13.9256,-90.8244,33.29,48,81,3.14,GT,1683392902
6,queenstown,-31.8976,26.8753,16.38,61,98,3.22,ZA,1683392902
7,burutu,5.3509,5.5076,28.35,70,95,3.18,NG,1683392894
8,grytviken,-54.2811,-36.5092,3.79,96,100,5.76,GS,1683392902
9,arvayheer,46.2639,102.775,6.39,31,93,2.61,MN,1683392903
10,kailua-kona,19.6406,-155.9956,23.98,77,0,3.09,US,1683392903
11,lata,40.1629,-8.3327,22.18,59,70,4.82,PT,1683392903
12,port-aux-francais,-49.35,70.2167,4.31,57,57,13.16,TF,1683392903
13,port elizabeth,-33.918,25.5701,17.95,89,94,3.13,ZA,1683392904
14,papatowai,-46.5619,169.4708,10.76,95,26,2.62,NZ,1683392904
15,yellowknife,62.456,-114.3525,14.2,44,0,8.49,CA,1683392895
16,iqaluit,63.7506,-68.5145,-0.15,74,75,9.77,CA,1683392905
17,blackmans bay,-43.0167,147.3167,2.63,88,3,2.54,AU,1683392889
18,bethel,41.3712,-73.414,21.42,42,40,3.6,US,1683392905
19,ilulissat,69.2167,-51.1,0.01,86,75,2.57,GL,1683392895
20,yuxi,24.355,102.5422,18.7,58,2,1.42,CN,1683392907
21,nova sintra,14.8667,-24.7167,20.31,79,5,10.99,CV,1683392907
22,lebu,-37.6167,-73.65,14.47,81,46,6.56,CL,1683392907
23,kolwezi,-10.7148,25.4667,17.36,69,9,2.32,CD,1683392908
24,burang,30.25,81.1667,-1.11,94,69,3.01,CN,1683392908
25,zouerate,22.7187,-12.4521,32.95,9,0,7.18,MR,1683392909
26,atotonilco el grande,20.2833,-98.6667,24.78,32,13,2.23,MX,1683392909
27,maquoketa,42.0689,-90.6657,19.08,82,99,6.77,US,1683392909
28,atafu village,-8.5421,-172.5159,28.76,70,6,6.98,TK,1683392909
29,ribeira grande,38.5167,-28.7,18.22,94,75,8.23,PT,1683392910
30,howrah,22.5892,88.3103,30.0,79,20,4.12,IN,1683392910
31,edinburgh of the seven seas,-37.0676,-12.3116,15.94,73,99,9.27,SH,1683392910
32,vadso,70.0744,29.7487,6.49,65,76,1.54,NO,1683392910
33,kruisfontein,-34.0033,24.7314,16.05,89,88,3.66,ZA,1683392911
34,san antonio de pale,-1.4014,5.6325,27.54,78,100,3.04,GQ,1683392912
35,tambura,5.6,27.4667,28.09,50,49,1.83,SS,1683392912
36,west island,-12.1568,96.8225,25.99,94,100,2.06,CC,1683392912
37,montevideo,-34.8335,-56.1674,21.01,91,100,5.66,UY,1683392722
38,georgetown,5.4112,100.3354,27.96,83,20,0.0,MY,1683392851
39,charters towers,-20.1,146.2667,17.45,82,37,2.71,AU,1683392701
40,jamestown,42.097,-79.2353,19.18,45,0,2.24,US,1683392837
41,nizhnyaya tavda,57.6731,66.1725,16.3,35,82,3.5,RU,1683392913
42,ushuaia,-54.8,-68.3,6.81,76,75,10.8,AR,1683392913
43,kudahuvadhoo,2.6708,72.8944,28.75,71,100,8.54,MV,1683392914
44,keflavik,64.0049,-22.5624,9.24,81,100,4.63,IS,1683392910
45,hawaiian paradise park,19.5933,-154.9731,22.16,94,40,2.57,US,1683392914
46,hasaki,35.7333,140.8333,21.79,74,91,12.2,JP,1683392914
47,medina,24.4686,39.6142,36.24,5,0,6.17,SA,1683392904
48,saudarkrokur,65.7461,-19.6394,7.94,77,100,1.95,IS,1683392914
49,dunfermline,56.0716,-3.4589,14.73,98,100,5.14,GB,1683392915
50,hermanus,-34.4187,19.2345,18.22,80,92,2.55,ZA,1683392450
51,fale old settlement,-9.3852,-171.2468,29.21,71,15,6.22,TK,1683392915
52,edd,13.9297,41.6925,29.65,73,54,4.56,ER,1683392915
53,sao gabriel da cachoeira,-0.1303,-67.0892,33.54,46,59,0.9,BR,1683392915
54,ola,59.5833,151.2833,-0.46,88,26,1.17,RU,1683392915
55,waitangi,-43.9535,-176.5597,14.34,90,100,2.24,NZ,1683392915
56,san patricio,28.017,-97.5169,30.92,62,67,8.27,US,1683392916
57,gornozavodsk,58.3758,58.3211,14.19,38,88,5.07,RU,1683392916
58,cole harbour,44.6724,-63.4751,17.32,49,54,6.26,CA,1683392916
59,puerto natales,-51.7236,-72.4875,10.25,46,40,7.72,CL,1683392908
60,balabac,7.9868,117.0645,26.32,75,100,4.59,PH,1683392916
61,mukalla,14.5425,49.1242,31.46,59,52,1.21,YE,1683392916
62,kodiak,57.79,-152.4072,4.73,87,100,2.06,US,1683392916
63,talnakh,69.4865,88.3972,-18.0,99,39,1.84,RU,1683392917
64,zhangye,38.9342,100.4517,8.53,58,100,2.31,CN,1683392917
65,afaahiti,-17.75,-149.2833,24.93,82,91,8.22,PF,1683392917
66,touros,-5.1989,-35.4608,29.56,65,39,6.93,BR,1683392915
67,tiksi,71.6872,128.8694,-16.06,100,91,2.0,RU,1683392917
68,lumberton,34.6182,-79.0086,26.29,41,20,2.57,US,1683392917
69,puerto ayora,-0.7393,-90.3518,29.98,89,58,3.58,EC,1683392918
70,sungai raya,0.7,108.9,26.61,87,100,1.95,ID,1683392918
71,punta arenas,-53.15,-70.9167,8.06,71,20,9.77,CL,1683392784
72,port alfred,-33.5906,26.891,17.88,88,68,2.24,ZA,1683392879
73,hamilton,39.1834,-84.5333,22.47,56,75,4.63,US,1683392810
74,college,64.8569,-147.8028,7.18,57,75,2.06,US,1683392918
75,san pedro pochutla,15.7333,-96.4667,34.28,49,89,3.33,MX,1683392918
76,arraial do cabo,-22.9661,-42.0278,26.92,65,40,5.66,BR,1683392918
77,stanley,54.868,-1.6985,16.82,84,0,4.12,GB,1683392919
78,tvoroyri,61.5556,-6.8111,8.1,96,98,6.34,FO,1683392919
79,miguel ahumada,30.6167,-106.5167,24.9,7,41,2.7,MX,1683392919
80,al ghayzah,16.2079,52.176,28.71,66,7,4.88,YE,1683392919
81,vizinga,61.0749,50.1031,3.98,93,100,2.28,RU,1683392919
82,vilyuchinsk,52.9306,158.4028,-0.97,88,99,2.74,RU,1683392919
83,sitka,57.0531,-135.33,6.94,76,75,0.0,US,1683392919
84,al hazm,16.1641,44.7769,31.96,28,72,4.32,YE,1683392919
85,holualoa,19.6228,-155.9522,21.91,79,0,3.09,US,1683392920
86,kalmunai,7.4167,81.8167,26.44,82,100,2.6,LK,1683392918
87,toliara,-23.35,43.6667,22.52,78,32,3.15,MG,1683392830
88,east london,-33.0153,27.9116,20.12,74,100,5.69,ZA,1683392920
89,taroa,8.7058,171.2275,27.69,82,100,8.24,MH,1683392920
90,aasiaat,68.7098,-52.8699,-1.08,87,100,1.23,GL,1683392920
91,la'ie,21.6477,-157.9253,24.23,78,39,2.24,US,1683392920
92,susuman,62.7833,148.1667,-8.03,88,12,0.19,RU,1683392920
93,invercargill,-46.4,168.35,8.34,95,18,1.34,NZ,1683392707
94,obock,12.25,43.0833,27.18,54,99,4.36,DJ,1683392921
95,turkmenbasy,40.0222,52.9552,13.43,76,0,3.09,TM,1683392921
96,zhangzhou,24.5133,117.6556,22.78,97,100,0.47,CN,1683392921
97,hadibu,12.65,54.0333,29.24,75,84,1.26,YE,1683392921
98,chul'man,56.8479,124.9104,-4.6,95,41,1.68,RU,1683392921
99,port lincoln,-34.7333,135.8667,12.83,58,74,4.61,AU,1683392921
100,flying fish cove,-10.4217,105.6791,26.82,89,40,3.09,CX,1683392921
101,thompson,55.7435,-97.8558,13.22,52,62,2.78,CA,1683392921
102,samfya,-11.3649,29.5565,18.94,54,9,2.32,ZM,1683392922
103,albertina,-22.2008,-46.6158,24.82,58,22,1.2,BR,1683392922
104,ancud,-41.8697,-73.8203,13.4,80,24,3.0,CL,1683392922
105,margaret river,-33.95,115.0667,15.73,54,96,5.02,AU,1683392922
106,sao tome,0.3365,6.7273,27.37,77,94,2.95,ST,1683392922
107,oroqen zizhiqi,50.5667,123.7167,4.56,47,87,1.32,CN,1683392762
108,bredasdorp,-34.5322,20.0403,16.19,82,77,5.16,ZA,1683392922
109,tharyarwady,17.65,95.8,29.97,68,11,2.98,MM,1683392922
110,maykop,44.6078,40.1058,15.39,87,100,2.79,RU,1683392923
111,west frankfort,37.8978,-88.9315,22.24,78,100,6.17,US,1683392593
112,rongelap,11.1635,166.8941,27.36,74,80,8.3,MH,1683392923
113,alofi,-19.0595,-169.9187,25.18,77,99,2.96,NU,1683392923
114,nuuk,64.1835,-51.7216,0.34,93,75,9.77,GL,1683392767
115,porto novo,6.4965,2.6036,29.71,65,54,4.09,BJ,1683392923
116,bamboo flat,11.7,92.7167,29.35,72,94,2.05,IN,1683392923
117,adre,13.4667,22.2,33.63,7,9,3.75,TD,1683392923
118,valle hermoso,25.6667,-97.8333,28.94,64,49,10.23,MX,1683392924
119,bengkulu,-3.8004,102.2655,24.83,92,100,3.81,ID,1683392924
120,tulagi,-9.0996,160.1476,28.13,79,73,4.85,SB,1683392924
121,hovd,48.0056,91.6419,2.84,97,100,3.0,MN,1683392924
122,dhidhdhoo,6.8833,73.1,28.88,72,100,5.71,MV,1683392924
123,albany,42.6001,-73.9662,20.88,41,10,0.89,US,1683392650
124,demirci,39.0461,28.6589,11.04,78,86,3.36,TR,1683392924
125,barra de santo antonio,-9.4047,-35.5072,30.6,65,8,3.5,BR,1683392924
126,isafjordur,66.0755,-23.124,5.94,94,100,1.91,IS,1683392925
127,vila franca do campo,37.7167,-25.4333,19.23,82,100,5.34,PT,1683392925
128,carolina beach,34.0352,-77.8936,27.04,56,45,3.76,US,1683392705
129,udachny,66.4167,112.4,-4.75,79,100,6.67,RU,1683392925
130,vorgashor,67.5833,63.95,-11.28,95,81,3.22,RU,1683392925
131,tralee,52.2704,-9.7026,14.99,73,38,4.88,IE,1683392917
132,hithadhoo,-0.6,73.0833,28.23,77,100,7.87,MV,1683392925
133,idabel,33.8957,-94.8263,29.89,72,20,0.0,US,1683392925
134,tobelo,1.7284,128.0095,27.01,82,75,1.42,ID,1683392926
135,tura,25.5198,90.2201,24.14,52,1,2.37,IN,1683392755
136,avarua,-21.2078,-159.775,25.03,100,40,0.51,CK,1683392900
137,sampit,-2.5333,112.95,24.17,98,97,0.58,ID,1683392654
138,kuta,-8.7233,115.1723,26.97,88,20,3.13,ID,1683392926
139,raduzhny,62.0961,77.475,2.42,99,100,2.91,RU,1683392926
140,sandpoint,48.2766,-116.5533,9.36,95,100,2.06,US,1683392926
141,mersa matruh,31.3525,27.2453,17.98,77,8,10.37,EG,1683392926
142,malvan,16.0667,73.4667,28.12,69,22,4.28,IN,1683392773
143,wailua homesteads,22.0669,-159.378,22.44,83,100,8.75,US,1683392927
144,talakan,50.3167,130.3667,7.33,48,55,0.65,RU,1683392927
145,port mathurin,-19.6833,63.4167,26.07,74,12,7.94,MU,1683392875
146,namibe,-15.1961,12.1522,22.9,80,15,5.35,AO,1683392879
147,longyearbyen,78.2186,15.6401,-1.09,74,75,5.14,SJ,1683392927
148,kununurra,-15.7667,128.7333,25.99,50,7,3.09,AU,1683392927
149,pacajus,-4.1725,-38.4606,30.64,60,64,3.24,BR,1683392927
150,petropavlovsk-kamchatsky,53.0452,158.6483,-1.79,100,99,3.69,RU,1683392927
151,codrington,-38.2667,141.9667,8.22,72,57,5.81,AU,1683392928
152,tolanaro,-25.0319,46.9987,22.33,88,42,4.24,MG,1683392928
153,qaqortoq,60.7167,-46.0333,3.48,67,11,2.67,GL,1683392928
154,yanam,16.7333,82.2167,27.72,85,44,1.48,IN,1683392928
155,portland,45.5234,-122.6762,13.99,77,100,0.89,US,1683392580
156,suzhou,31.3114,120.6181,14.3,88,100,3.51,CN,1683392688
157,utrik,11.2278,169.8474,27.17,78,17,7.81,MH,1683392928
158,trairi,-3.2778,-39.2689,29.91,66,44,5.78,BR,1683392822
159,as sulayyil,20.4607,45.5779,33.93,13,1,4.17,SA,1683392928
160,thulamahashi,-24.7246,31.1994,21.71,47,7,2.28,ZA,1683392928
161,badger,64.8,-147.5333,7.14,52,75,2.06,US,1683392929
162,dudinka,69.4058,86.1778,-20.01,100,35,1.32,RU,1683392929
163,tofol,5.3248,163.0078,28.19,80,36,6.49,FM,1683392929
164,choibalsan,48.0667,114.5,6.01,26,1,3.83,MN,1683392929
165,kone,-21.0595,164.8658,20.26,91,6,1.32,NC,1683392929
166,tindouf,27.6711,-8.1474,34.21,10,26,8.4,DZ,1683392929
167,aquidauana,-20.4711,-55.7872,31.36,48,18,1.11,BR,1683392929
168,santa ana,33.7456,-117.8678,19.37,66,40,2.06,US,1683392881
169,bilibino,68.0546,166.4372,-6.72,97,100,0.8,RU,1683392930
170,saint-philippe,-21.3585,55.7679,24.77,85,42,4.29,RE,1683392930
171,santiago de cao,-7.9589,-79.2392,25.07,73,24,6.17,PE,1683392930
172,saipan,15.1355,145.701,27.39,100,75,6.69,MP,1683392930
173,harper,4.375,-7.7169,28.82,75,61,3.63,LR,1683392930
174,kamloops,50.6665,-120.3192,9.86,86,100,3.09,CA,1683392790
175,tazovsky,67.4667,78.7,-9.74,95,100,3.33,RU,1683392893
176,sault ste. marie,46.5168,-84.3333,10.9,93,75,4.63,CA,1683392519
177,ambikapur,23.1167,83.2,26.85,26,22,0.84,IN,1683392930
178,piedmont,37.8244,-122.2316,14.4,90,100,2.24,US,1683392931
179,cukai,4.25,103.4167,26.5,86,98,0.41,MY,1683392936
180,rio rancho,35.2334,-106.6645,19.43,22,0,4.63,US,1683392687
181,whitehorse,60.7161,-135.0538,8.39,62,100,4.92,CA,1683392871
182,zhenlai,45.8495,123.2973,12.65,50,100,3.12,CN,1683392936
183,kerrville,30.0474,-99.1403,28.12,78,100,6.69,US,1683392686
184,teno,-34.8667,-71.1833,9.75,93,100,1.03,CL,1683392936
185,sisimiut,66.9395,-53.6735,0.05,94,100,4.35,GL,1683392936
186,tateyama,34.9833,139.8667,20.36,84,99,12.51,JP,1683392936
187,gdov,58.7406,27.8122,4.42,53,9,4.42,RU,1683392936
188,malabar,-33.9667,151.25,13.4,79,20,2.06,AU,1683392937
189,alice springs,-23.7,133.8833,10.75,62,100,5.13,AU,1683392937
190,newman,37.3138,-121.0208,16.8,71,97,4.47,US,1683392937
191,kiruna,67.8557,20.2251,3.51,38,75,4.12,SE,1683392937
192,nishon tumani,38.694,65.6751,17.14,55,0,3.09,UZ,1683392937
193,grayvoron,50.4767,35.6773,5.94,64,87,3.59,RU,1683392937
194,siwa oasis,29.2041,25.5195,25.7,29,9,5.4,EG,1683392937
195,daru,-9.0763,143.2092,25.93,89,99,4.51,PG,1683392937
196,qingnian,36.8456,115.7117,14.52,34,99,3.44,CN,1683392938
197,svyetlahorsk,52.6329,29.7389,5.87,57,84,3.09,BY,1683392938
198,ivdel',60.6911,60.4206,12.0,61,100,1.65,RU,1683392938
199,chonchi,-42.6128,-73.8092,12.56,91,65,1.3,CL,1683392938
200,dunedin,-45.8742,170.5036,12.67,99,0,4.02,NZ,1683392938
201,guerrero negro,27.9769,-114.0611,17.56,60,85,8.09,MX,1683392938
202,kitimat,54.0524,-128.6534,7.82,96,100,1.17,CA,1683392938
203,tadine,-21.55,167.8833,24.0,85,34,5.07,NC,1683392938
204,gaspra,44.4333,34.1,15.75,67,100,1.0,UA,1683392939
205,kutoarjo,-7.7169,109.9128,25.38,93,99,1.29,ID,1683392939
206,olhao,37.0286,-7.8411,25.72,71,20,8.75,PT,1683392939
207,mokopane,-24.1944,29.0097,23.06,33,45,0.05,ZA,1683392939
208,axim,4.8699,-2.2405,28.75,73,95,3.08,GH,1683392939
209,kill devil hills,36.0307,-75.676,18.01,64,0,3.09,US,1683392939
210,prince rupert,54.3161,-130.3201,9.05,87,100,2.06,CA,1683392939
211,olonkinbyen,70.9221,-8.7187,-0.18,98,100,4.07,SJ,1683392933
212,luderitz,-26.6481,15.1594,14.27,87,0,4.45,NA,1683392939
213,lihue,21.9789,-159.3672,22.77,84,100,8.75,US,1683392940
214,rizokarpaso,35.6,34.375,17.86,70,96,4.67,CY,1683392940
215,rampur,28.8167,79.0333,28.4,37,4,2.95,IN,1683392445
216,san clemente del tuyu,-36.3569,-56.7235,17.27,95,100,8.95,AR,1683392940
217,altai,46.3722,96.2583,0.91,85,100,4.68,MN,1683392940
218,inongo,-1.95,18.2667,23.88,90,63,1.74,CD,1683392940
219,san andres,12.5847,-81.7006,31.01,66,40,7.2,CO,1683392940
220,ad dabbah,18.05,30.95,36.49,7,54,6.26,SD,1683392941
221,ambato boeny,-16.4667,46.7167,25.29,56,0,1.07,MG,1683392941
222,freetown,8.484,-13.2299,28.21,73,98,3.5,SL,1683392941
223,lhasa,29.65,91.1,10.46,35,84,2.52,CN,1683392941
224,kingsford,-33.924,151.2275,13.41,80,20,2.06,AU,1683392941
225,gamba,-2.65,10.0,26.53,80,91,2.21,GA,1683392943
226,kibale,0.8,31.0667,17.61,95,59,0.8,UG,1683392943
227,tinghir,31.5157,-5.5343,29.48,8,100,2.53,MA,1683392943
228,polyarnyy,69.1989,33.4478,1.77,93,98,2.5,RU,1683392944
229,san salvador de jujuy,-24.1946,-65.2971,17.74,61,76,2.07,AR,1683392724
230,muana,-1.5283,-49.2167,32.17,55,45,1.82,BR,1683392854
231,al kharj,24.155,47.3346,33.92,14,0,4.71,SA,1683392945
232,brisas de zicatela,15.8369,-97.0419,33.29,58,0,0.0,MX,1683392945
233,cabedelo,-6.9811,-34.8339,30.37,68,20,5.93,BR,1683392945
234,nioki,-2.7167,17.6833,27.19,70,83,0.6,CD,1683392945
235,uliastay,47.7417,96.8444,5.52,79,100,0.29,MN,1683392946
236,mount isa,-20.7333,139.5,19.87,30,15,8.23,AU,1683392946
237,anadyr,64.75,177.4833,-4.72,93,40,5.0,RU,1683392946
238,melfort,52.8667,-104.6177,12.99,50,93,6.79,CA,1683392946
239,tres arroyos,-38.3739,-60.2798,14.11,73,90,2.29,AR,1683392946
240,bhamo,24.2667,97.2333,26.46,48,20,0.4,MM,1683392891
241,serowe,-22.3833,26.7167,22.74,29,12,3.01,BW,1683392947
242,cantilan,9.3336,125.9775,24.76,89,74,1.65,PH,1683392947
243,laguna,38.421,-121.4238,13.36,92,100,4.12,US,1683392947
244,san carlos de bariloche,-41.1456,-71.3082,13.58,57,12,1.58,AR,1683392948
245,dzuunharaa,48.8523,106.4579,6.73,34,100,2.02,MN,1683392948
246,prado,-17.3411,-39.2208,27.2,63,20,5.01,BR,1683392948
247,itoman,26.1247,127.6694,25.22,94,75,7.72,JP,1683392949
248,beyneu,45.3167,55.2,20.59,20,100,4.27,KZ,1683392949
249,kupang,-10.1667,123.5833,25.98,84,86,4.24,ID,1683392949
250,ciudad lazaro cardenas,17.9583,-102.2,30.89,56,6,3.46,MX,1683392935
251,pasni,25.2631,63.471,27.83,73,0,6.86,PK,1683392950
252,turpan,42.9333,89.1667,14.9,28,89,3.6,CN,1683392950
253,lianzhou,24.7811,112.3825,20.93,95,91,2.41,CN,1683392950
254,el alto,-4.2714,-81.2147,31.81,70,79,2.9,PE,1683392951
255,kapuskasing,49.4169,-82.4331,18.05,36,75,5.66,CA,1683392951
256,lichinga,-13.3128,35.2406,14.16,89,10,1.22,MZ,1683392951
257,siran,40.1894,39.1267,11.84,85,89,2.21,TR,1683392951
258,bozoum,6.3193,16.3799,27.67,58,96,2.22,CF,1683392952
259,neftekamsk,56.092,54.2703,6.64,87,89,5.43,RU,1683392952
260,east ballina,-28.8667,153.5833,17.23,89,96,2.77,AU,1683392952
261,bonthe,7.5264,-12.505,30.61,64,85,5.84,SL,1683392953
262,wenxing,28.6667,112.8833,15.05,89,100,6.64,CN,1683392953
263,lazaro cardenas,17.9583,-102.2,30.89,56,6,3.46,MX,1683392813
264,broome,42.2506,-75.833,19.45,45,0,4.63,US,1683392869
265,vredendal,-31.6683,18.5012,15.7,74,0,4.04,ZA,1683392954
266,corner brook,48.9667,-57.9484,7.09,69,100,2.75,CA,1683392749
267,stilfontein,-26.8449,26.7683,19.23,44,84,1.07,ZA,1683392955
268,ust-nera,64.5667,143.2,-7.67,83,97,2.39,RU,1683392955
269,kuanda,56.3161,116.0806,4.37,66,89,0.9,RU,1683392955
270,cockburn town,21.4612,-71.1419,26.4,77,20,5.61,TC,1683392930
271,tanumah,27.1,44.1333,33.89,13,29,3.85,SA,1683392956
272,thief river falls,48.1191,-96.1812,15.53,82,100,6.17,US,1683392956
273,kavaratti,10.5669,72.642,28.92,66,91,4.62,IN,1683392956
274,severo-yeniseyskiy,60.3725,93.0408,-0.91,95,74,2.35,RU,1683392956
275,yeniseysk,58.4497,92.1703,2.83,91,100,0.37,RU,1683392957
276,faya-largeau,17.9257,19.1043,34.83,11,0,4.78,TD,1683392962
277,vernon,50.2581,-119.2691,13.5,88,100,3.58,CA,1683392705
278,ketchikan,55.3422,-131.6461,9.26,81,100,3.09,US,1683392962
279,serdar,38.9764,56.2757,22.19,36,55,2.99,TM,1683392962
280,iskateley,67.6803,53.1512,-7.18,92,65,3.01,RU,1683392963
281,pisco,-13.7,-76.2167,24.03,73,100,1.03,PE,1683392963
282,lae,-6.7221,146.9847,24.53,87,92,2.13,PG,1683392963
283,taksimo,56.3444,114.8794,4.33,67,97,1.75,RU,1683392963
284,la sarre,48.8002,-79.1996,17.56,36,37,1.45,CA,1683392963
285,kapa'a,22.0752,-159.319,23.18,83,100,8.75,US,1683392964
286,port blair,11.6667,92.75,29.37,72,94,2.16,IN,1683392964
287,san francisco de la paz,14.9,-86.2,32.84,33,65,2.27,HN,1683392964
288,mehran,33.1222,46.1646,30.97,9,0,1.41,IR,1683392964
289,antigo,45.1402,-89.1523,12.4,100,100,5.14,US,1683392965
290,nyurba,63.2842,118.3319,1.28,84,96,5.7,RU,1683392965
291,bochum,51.4833,7.2167,17.7,71,100,1.34,DE,1683392560
292,belmonte,-15.8631,-38.8828,27.24,68,35,5.73,BR,1683392965
293,alta sierra,35.7291,-118.5495,4.5,58,47,4.04,US,1683392965
294,weno,7.4515,151.8468,25.97,94,100,0.0,FM,1683392966
295,qarshi,38.8667,65.8,16.9,55,0,3.09,UZ,1683392966
296,myeik,12.4333,98.6,28.69,77,57,2.56,MM,1683392966
297,glendive,47.1053,-104.7125,12.05,66,100,4.63,US,1683392967
298,veraval,20.9,70.3667,27.78,80,23,5.45,IN,1683392967
299,asau,46.4333,26.4,17.51,74,99,0.8,RO,1683392967
300,howard springs,-12.497,131.047,26.95,95,72,3.15,AU,1683392930
301,bathsheba,13.2167,-59.5167,30.34,66,20,6.17,BB,1683392967
302,kharabali,47.4196,47.2568,19.77,49,29,2.52,RU,1683392968
303,puerto armuelles,8.2833,-82.8667,33.99,57,79,3.52,PA,1683392968
304,wau,7.7029,27.9953,32.3,36,54,1.43,SS,1683392969
305,bikenibeu village,1.3673,173.1241,25.98,94,75,4.63,KI,1683392969
306,monze,-16.2833,27.4833,18.8,47,36,2.61,ZM,1683392969
307,mareeba,-17.0,145.4333,21.93,91,97,1.17,AU,1683392969
308,grants pass,42.439,-123.3284,13.21,68,100,2.57,US,1683392970
309,baukau,51.5526,7.2042,18.0,72,100,1.79,DE,1683392970
310,lompoc,34.6391,-120.4579,17.05,72,75,5.14,US,1683392970
311,port moresby,-9.4431,147.1797,24.76,92,100,2.25,PG,1683392970
312,luanda,-8.8368,13.2343,28.0,69,20,3.09,AO,1683392675
313,paradip garh,20.3167,86.6167,28.98,82,9,5.86,IN,1683392972
314,banda aceh,5.5577,95.3222,26.54,86,100,5.72,ID,1683392972
315,yuzhno-kurilsk,44.0306,145.8556,1.36,84,100,2.73,RU,1683392972
316,puerto baquerizo moreno,-0.9,-89.6,28.55,84,40,5.14,EC,1683392972
317,tazacorte,28.629,-17.9293,23.54,69,20,8.75,ES,1683392973
318,dawson creek,55.7666,-120.2362,15.32,47,0,5.91,CA,1683392973
319,mossel bay,-34.1831,22.146,17.96,89,0,1.17,ZA,1683392423
320,ugoofaaru,5.6667,73.0,29.3,70,100,6.93,MV,1683392973
321,andergrove,-21.0833,149.1833,20.91,72,82,4.44,AU,1683392973
322,mahina,-17.5065,-149.489,25.87,83,40,1.03,PF,1683392974
323,saint-pierre,-21.3393,55.4781,24.82,83,75,7.2,RE,1683392554
324,langzhong,31.5504,105.9938,19.98,67,100,2.81,CN,1683392760
325,xining,36.6167,101.7667,6.04,79,100,4.35,CN,1683392974
326,sterling,39.0062,-77.4286,22.92,43,40,2.24,US,1683392974
327,klyuchi,52.2667,79.1667,17.38,23,12,2.38,RU,1683392974
328,altay,47.8667,88.1167,6.93,51,100,0.96,CN,1683392974
329,chosica,-11.9431,-76.7094,18.67,62,31,3.71,PE,1683392778
330,cozumel,20.5083,-86.9458,33.04,63,40,2.68,MX,1683392975
331,borzya,50.3833,116.5167,6.29,28,5,3.11,RU,1683392975
332,meadow lakes,61.6247,-149.6011,6.22,82,100,0.0,US,1683392975
333,fortuna,40.5982,-124.1573,12.18,79,46,1.34,US,1683392975
334,pokhara,28.2333,83.9833,22.52,50,85,1.71,NP,1683392592
335,juegang,32.3174,121.1855,13.82,91,100,6.03,CN,1683392975
336,foumban,5.7291,10.9001,21.41,85,93,1.19,CM,1683392976
337,olyokminsk,60.3736,120.4264,3.91,93,100,4.9,RU,1683392976
338,suva,-18.1416,178.4415,22.71,94,40,0.0,FJ,1683392976
339,xinyuan,37.3,99.0,-0.85,97,100,2.07,CN,1683392976
340,uturoa,-16.7333,-151.4333,27.78,77,97,8.81,PF,1683392976
341,klaksvik,62.2266,-6.589,9.51,98,99,6.69,FO,1683392976
342,enewetak,11.3474,162.3373,27.39,82,55,8.48,MH,1683392976
343,okhotsk,59.3833,143.3,1.68,80,10,1.16,RU,1683392977
344,san antonio,29.4241,-98.4936,28.71,77,100,5.14,US,1683392893
345,peruibe,-24.32,-46.9983,26.42,73,90,2.31,BR,1683392905
346,igarka,67.4667,86.5833,-9.11,91,49,2.85,RU,1683392977
347,peniche,39.3558,-9.3811,21.71,83,6,6.01,PT,1683392977
348,walvis bay,-22.9575,14.5053,14.49,80,83,6.36,NA,1683392977
349,egilsstadir,65.2653,-14.3948,11.82,75,92,3.33,IS,1683392977
350,ostersund,63.1792,14.6357,8.25,36,100,3.09,SE,1683392977
351,dawei,14.0833,98.2,26.96,83,24,0.49,MM,1683392978
352,maun,-19.9833,23.4167,23.82,23,4,0.96,BW,1683392978
353,arica,-18.475,-70.3042,23.75,67,93,3.32,CL,1683392978
354,aberdeen,57.1437,-2.0981,9.25,100,100,4.63,GB,1683392978
355,mazamari,-11.3258,-74.5308,29.51,58,54,1.29,PE,1683392978
356,toamasina,-18.1667,49.3833,25.0,94,75,2.06,MG,1683392978
357,crane,31.3974,-102.3501,28.02,27,95,1.76,US,1683392978
358,cowra,-33.8333,148.6833,9.2,81,93,1.68,AU,1683392979
359,rovnoye,50.7765,46.0509,10.18,69,100,7.1,RU,1683392979
360,hilo,19.7297,-155.09,23.12,90,40,2.57,US,1683392979
361,labytnangi,66.6572,66.4183,-6.28,91,100,4.64,RU,1683392979
362,mahibadhoo,3.7833,72.9667,28.84,73,100,7.07,MV,1683392979
363,lulea,65.5842,22.1547,4.04,75,0,3.09,SE,1683392943
364,puerto deseado,-47.7503,-65.8938,12.55,72,62,9.33,AR,1683392979
365,rakops,-21.0167,24.3333,25.86,22,0,3.44,BW,1683392980
366,kerikeri,-35.2268,173.9474,16.98,93,100,2.93,NZ,1683392980
367,novyy turtkul',41.55,61.0167,13.95,52,90,2.17,UZ,1683392980
368,mariental,-24.6333,17.9667,25.04,28,98,4.29,NA,1683392980
369,nemuro,43.3236,145.575,2.74,80,100,3.44,JP,1683392980
370,vallenar,-28.5708,-70.7581,21.62,28,26,2.36,CL,1683392980
371,mana,5.6592,-53.7767,29.26,66,75,4.52,GF,1683392980
372,darwin,-12.4611,130.8418,26.99,87,64,1.54,AU,1683392980
373,barabai,-2.5833,115.3833,24.13,97,97,0.72,ID,1683392981
374,stephenville,32.2207,-98.2023,29.93,68,40,5.14,US,1683392981
375,afif,23.9065,42.9172,31.56,13,68,3.54,SA,1683392981
376,khovd,48.0056,91.6419,2.84,97,100,3.0,MN,1683392981
377,constantia,44.1833,28.65,15.38,67,30,6.97,RO,1683392981
378,mae hong son,19.3003,97.9685,28.05,55,8,0.72,TH,1683392981
379,eseka,3.65,10.7667,25.17,92,92,0.6,CM,1683392981
380,port saint john's,-31.6229,29.5448,20.06,87,96,4.43,ZA,1683392981
381,majene,-3.5403,118.9707,25.99,89,100,1.96,ID,1683392981
382,colonia,50.9333,6.95,17.76,82,20,1.03,DE,1683392855
383,carnarvon,-24.8667,113.6333,21.9,70,13,4.75,AU,1683392908
384,aldan,58.6031,125.3894,0.69,77,95,4.05,RU,1683392982
385,qutqashen,40.9814,47.8458,15.11,72,71,0.4,AZ,1683392982
386,caconda,-13.7333,15.0667,20.24,66,92,1.99,AO,1683392982
387,kaohsiung,22.6163,120.3133,28.35,79,100,1.79,TW,1683392982
388,yarim,14.298,44.3779,15.1,75,100,0.67,YE,1683392982
389,kingston,17.997,-76.7936,33.47,68,20,9.26,JM,1683392768
390,sinabang,2.4803,96.3801,25.94,89,100,7.93,ID,1683392983
391,orthez,43.4884,-0.7724,23.15,85,100,4.83,FR,1683392632
392,yeppoon,-23.1333,150.7333,15.88,71,99,3.42,AU,1683392983
393,sovetskaya gavan',48.9723,140.2878,2.56,70,92,1.23,RU,1683392983
394,ballina,-28.8667,153.5667,17.23,89,96,2.45,AU,1683392983
395,beawar,26.1,74.3167,30.4,30,36,2.46,IN,1683392983
396,nadym,65.5333,72.5167,-1.15,88,100,4.39,RU,1683392983
397,borogontsy,62.6683,131.1683,1.8,98,100,3.76,RU,1683392983
398,loiza,18.4313,-65.8802,33.05,54,40,4.63,PR,1683392984
399,bol'shoye murashkino,55.7826,44.7754,2.99,57,54,5.15,RU,1683392984
400,varadero,23.1536,-81.2514,31.42,58,1,5.19,CU,1683392984
401,amursk,50.2261,136.8994,4.92,62,13,1.22,RU,1683392984
402,general toshevo,43.7,28.0333,14.51,64,32,1.79,BG,1683392984
403,pishva,35.308,51.7267,24.75,13,2,3.38,IR,1683392847
404,ocos,14.5094,-92.1933,35.1,65,100,3.9,GT,1683392984
405,inarajan village,13.2736,144.7484,27.54,92,99,4.63,GU,1683392985
406,sarangani,5.4033,125.4636,27.92,78,91,0.6,PH,1683392985
407,tsiombe,-25.3,45.4833,21.39,85,40,2.88,MG,1683392985
408,itati,-27.2704,-58.2446,17.58,90,100,1.45,AR,1683392985
409,ulladulla,-35.35,150.4667,7.09,84,81,2.92,AU,1683392985
410,guozhen,34.3659,107.359,11.49,97,100,2.34,CN,1683392985
411,tocopilla,-22.092,-70.1979,20.85,60,4,2.95,CL,1683392558
412,palmer,42.1584,-72.3287,22.14,35,40,3.09,US,1683392986
413,nurota,40.5614,65.6886,13.51,54,70,2.64,UZ,1683392986
414,carutapera,-1.195,-46.02,30.29,66,66,4.1,BR,1683392986
415,pariaman,-0.619,100.12,24.6,96,100,5.75,ID,1683392986
416,papao,-17.75,-149.55,25.82,81,97,9.18,PF,1683392986
417,labuan,5.2767,115.2417,28.61,75,76,3.7,MY,1683392986
418,tabou,4.423,-7.3528,28.64,77,77,3.69,CI,1683392986
419,embarcacion,-23.209,-64.096,22.9,69,62,3.12,AR,1683392986
420,new norfolk,-42.7826,147.0587,3.29,72,1,1.12,AU,1683392987
421,camapua,-19.5314,-54.0439,29.86,49,80,2.33,BR,1683392987
422,valparaiso,-33.0393,-71.6273,16.67,82,100,1.54,CL,1683392736
423,tsiroanomandidy,-18.7667,46.0333,18.91,75,16,0.96,MG,1683392849
424,aginskoye,51.1,114.53,5.74,44,24,3.05,RU,1683392987
425,praia da vitoria,38.7333,-27.0667,18.75,96,100,9.52,PT,1683392987
426,ibague,4.4389,-75.2322,27.16,62,97,3.56,CO,1683392987
427,sur,22.5667,59.5289,29.48,56,2,0.96,OM,1683392803
428,springs,-26.25,28.4,22.31,34,62,1.82,ZA,1683392458
429,minas de marcona,-15.2119,-75.1103,21.02,61,50,6.03,PE,1683392988
430,karukh,34.4811,62.5863,15.15,33,0,2.46,AF,1683392988
431,point pleasant,40.0832,-74.0682,22.28,49,40,5.66,US,1683392885
432,pekan,3.4836,103.3996,26.28,88,92,1.03,MY,1683392892
433,lospalos,-8.5186,127.0025,22.6,96,98,2.87,TL,1683392988
434,remire-montjoly,4.9167,-52.2667,31.02,62,40,6.17,GF,1683392988
435,chilliwack,49.1747,-121.9443,11.17,96,100,3.13,CA,1683392988
436,la punta,-33.1837,-66.3127,18.89,43,29,2.07,AR,1683392988
437,shiyan,32.6475,110.7781,13.06,91,100,0.49,CN,1683392988
438,itaituba,-4.2761,-55.9836,31.98,56,86,1.65,BR,1683392989
439,las rosas,-32.4766,-61.5804,13.12,91,100,4.32,AR,1683392436
440,bafra,41.5678,35.9069,12.73,91,93,0.91,TR,1683392989
441,phon charoen,18.0333,103.1667,36.64,38,20,2.49,TH,1683392989
442,bella vista,36.4295,-94.2316,29.29,58,0,8.23,US,1683392930
443,halifax,44.6453,-63.5724,18.16,50,50,9.77,CA,1683392227
444,chiredzi,-21.05,31.6667,22.05,46,0,2.7,ZW,1683392989
445,sitangkai,4.6628,119.3928,28.48,77,79,2.03,PH,1683392989
446,yancheng,33.3856,120.1253,13.33,85,100,5.17,CN,1683392989
447,princeville,45.7668,-61.2985,12.31,51,57,5.36,CA,1683392990
448,novodvinsk,64.4165,40.8122,-0.3,72,99,3.37,RU,1683392990
449,ende,-8.8432,121.6623,24.88,88,89,0.22,ID,1683392990
450,xilin hot,43.9667,116.0333,5.72,45,3,1.61,CN,1683392990
451,fortuna foothills,32.6578,-114.4119,23.45,31,0,2.57,US,1683392990
452,ogurugu,6.7856,6.9505,27.59,74,99,1.74,NG,1683392990
453,paita,-5.0892,-81.1144,26.72,68,91,3.83,PE,1683392990
454,nguigmi,14.2495,13.1092,34.06,17,24,1.95,NE,1683392991
455,ndende,-2.4008,11.3581,26.53,82,54,1.29,GA,1683392991
456,mount pearl,47.5166,-52.7813,6.64,85,100,7.2,CA,1683392991
457,leava,-14.3,-178.1667,27.78,77,4,4.19,WF,1683392991
458,zeya,53.75,127.2667,4.59,75,14,1.18,RU,1683392991
459,chachersk,52.9164,30.9179,7.95,55,87,2.47,BY,1683392991
460,smithers,54.7804,-127.1743,6.48,96,100,1.47,CA,1683392991
461,mora,11.0461,14.1401,37.64,9,88,2.22,CM,1683392992
462,tampakan,6.4442,124.9264,24.79,95,99,0.67,PH,1683392992
463,visby,57.6409,18.296,6.7,52,0,5.14,SE,1683392992
464,jiutai,44.1525,125.8328,10.99,29,23,1.18,CN,1683392992
465,tamanrasset,22.785,5.5228,32.95,7,0,5.14,DZ,1683392992
466,buka,40.8108,69.1986,13.65,64,68,1.36,UZ,1683392992
467,nar'yan-mar,67.6713,53.087,-7.02,93,72,3.0,RU,1683392992
468,antonio enes,-16.2325,39.9086,24.14,70,35,3.57,MZ,1683392992
469,plouzane,48.3833,-4.6167,15.18,94,100,5.14,FR,1683392993
470,qarqaraly,49.4058,75.4742,11.86,38,43,2.28,KZ,1683392993
471,illizi,26.4833,8.4667,34.34,8,80,5.63,DZ,1683392993
472,horta,38.5333,-28.6333,17.8,94,75,8.23,PT,1683392993
473,rosarito,32.3333,-117.0333,18.13,66,14,3.91,MX,1683392993
474,katsuura,35.1333,140.3,20.62,81,90,12.9,JP,1683392993
475,argo,37.6333,22.7333,20.44,60,24,2.55,GR,1683392993
476,hami,42.8,93.45,9.9,51,3,4.4,CN,1683392993
477,mount gambier,-37.8333,140.7667,5.52,87,17,2.07,AU,1683392938
478,sept-iles,50.2001,-66.3821,16.29,28,20,5.14,CA,1683392759
479,bocas del toro,9.3333,-82.25,28.93,66,99,4.96,PA,1683392994
480,saldanha,-33.0117,17.9442,16.43,85,63,3.19,ZA,1683392994
481,sao joao da barra,-21.6403,-41.0511,29.05,69,9,4.06,BR,1683392994
482,khash,28.2211,61.2158,22.93,20,0,2.39,IR,1683392994
483,grand-bassam,5.2118,-3.7388,29.98,67,75,4.39,CI,1683392889
484,pizarro,4.9533,-77.366,29.31,78,98,2.0,CO,1683392876
485,dabat,12.9842,37.765,20.98,28,94,2.0,ET,1683392994
486,nouadhibou,20.931,-17.0347,23.99,57,0,9.26,MR,1683392995
487,bodo,67.28,14.405,7.75,42,0,1.54,NO,1683392995
488,harpanahalli,14.8,75.9833,25.77,66,90,6.54,IN,1683392995
489,novotroitsk,51.203,58.3266,14.39,32,99,1.8,RU,1683392995
490,brazzaville,-4.2658,15.2832,28.41,70,26,1.04,CG,1683392995
491,yaren,-0.5472,166.916,28.43,77,71,5.6,NR,1683392995
492,st. john's,47.5649,-52.7093,7.1,86,100,7.2,CA,1683392768
493,alesund,62.4723,6.1549,12.78,49,0,3.6,NO,1683392983
494,marquette,46.5333,-87.6335,10.69,83,100,1.34,US,1683392996
495,vilhena,-12.7406,-60.1458,28.62,54,90,2.16,BR,1683392996
496,kargasok,59.0556,80.8572,12.07,82,49,4.3,RU,1683392935
497,strathmore,51.0501,-113.3852,10.19,66,100,3.6,CA,1683392401
498,namalenga,-10.95,39.1,23.8,70,59,1.54,TZ,1683392996
499,san angelo,31.4638,-100.437,31.97,51,20,7.2,US,1683392801
500,machalpur,24.1333,76.3,31.88,30,81,3.03,IN,1683392996
501,chimbote,-9.0853,-78.5783,25.34,72,55,4.55,PE,1683392996
502,zelenogorskiy,55.0333,87.0,10.62,67,10,1.26,RU,1683392996
503,nabire,-3.3667,135.4833,25.26,92,95,1.44,ID,1683392997
504,zambezi,-13.5432,23.1047,20.72,49,3,1.29,ZM,1683392997
505,tezu,27.9167,96.1667,22.02,66,63,2.02,IN,1683392997
506,chaihe,44.7667,129.7,6.54,41,14,0.9,CN,1683392997
507,chadan,51.2833,91.5833,7.11,37,0,2.11,RU,1683392997
508,timimoun,29.2639,0.231,41.04,4,92,4.68,DZ,1683392997
509,qui nhon,13.7667,109.2333,27.38,92,100,2.87,VN,1683392997
510,casablanca,33.5928,-7.6192,24.12,60,0,4.12,MA,1683392786
511,mangrol,21.1167,70.1167,27.74,79,3,5.64,IN,1683392998
512,pratt,37.6439,-98.7376,28.12,39,0,4.12,US,1683392998
513,pingliang,35.5392,106.6861,10.14,76,100,1.43,CN,1683392998
514,tommot,58.9564,126.2925,0.7,91,89,1.71,RU,1683392998
515,ranot,7.7777,100.3213,28.97,75,96,2.12,TH,1683392998
516,cabo san lucas,22.8909,-109.9124,30.34,38,75,0.0,MX,1683392998
517,zyryanovsk,49.7386,84.2719,8.05,63,0,0.68,KZ,1683392998
518,acapulco de juarez,16.8634,-99.8901,31.9,66,20,3.6,MX,1683392870
519,westport,41.1415,-73.3579,22.07,38,0,4.63,US,1683392999
520,narimanov,46.6927,47.8498,16.95,46,42,2.27,RU,1683392999
521,dalbandin,28.8947,64.4101,26.83,9,0,3.23,PK,1683392999
522,tsaratanana,-16.7833,47.65,24.33,67,83,2.45,MG,1683392999
523,khandyga,62.6667,135.6,1.13,98,100,3.98,RU,1683392999
524,yuncheng,35.0231,110.9928,11.66,89,100,1.27,CN,1683392999
525,dolores,-36.3132,-57.6792,16.54,96,100,5.44,AR,1683392999
526,seydi,39.4816,62.9137,19.11,38,100,2.46,TM,1683392999
527,pacific grove,36.6177,-121.9166,16.05,76,75,4.92,US,1683392869
528,ebaye,8.7748,167.7392,27.01,89,40,7.72,MH,1683393000
529,fort bragg,35.139,-79.006,25.75,40,40,2.24,US,1683393000
530,mata-utu,-13.2816,-176.1745,28.16,75,12,4.16,WF,1683393001
531,waddan,29.1614,16.139,26.72,18,0,3.34,LY,1683393001
532,berbera,10.4396,45.0143,32.02,65,82,2.92,SO,1683393001
533,midvagur,62.0511,-7.1939,9.46,93,100,6.69,FO,1683393001
534,marsa alam,25.0757,34.8918,25.49,56,0,1.41,EG,1683392739
535,cambria,35.5641,-121.0808,16.95,87,75,1.34,US,1683393002
536,korem,12.5058,39.5228,15.13,75,92,2.5,ET,1683393003
537,pangai,-19.8,-174.35,25.62,78,17,4.38,TO,1683393003
538,reyes,-14.3167,-67.3833,25.73,83,97,1.61,BO,1683393004
539,encarnacion,-27.3333,-55.9,21.29,83,100,0.0,PY,1683393004
540,chernyshevsk,52.5243,117.0174,5.53,37,32,1.94,RU,1683393004
541,barcelona,41.3888,2.159,25.24,73,40,4.12,ES,1683392814
542,fyodorovka,53.6314,62.7078,17.54,32,23,4.26,KZ,1683393005
543,nenjiang,49.1833,125.2167,9.27,26,82,1.32,CN,1683393005
544,tanguieta,10.6212,1.2665,35.79,30,73,3.64,BJ,1683393006
545,bardai,11.65,7.2333,36.92,15,76,3.51,NG,1683393006
546,paranaiba,-19.6772,-51.1908,30.02,46,78,1.01,BR,1683393006
547,betio village,1.358,172.9211,26.02,82,25,4.42,KI,1683393006
548,pechora,65.1472,57.2244,-1.02,90,100,6.08,RU,1683393007
549,la passe,45.5549,-0.8967,26.13,83,100,5.03,FR,1683393007
550,fort stockton,30.894,-102.8793,31.03,6,0,6.69,US,1683393008
551,peace river,56.2501,-117.286,15.78,46,0,7.73,CA,1683393008
552,noumea,-22.2763,166.4572,23.89,99,61,2.57,NC,1683393008
553,ratnagiri,16.9833,73.3,27.75,72,82,2.97,IN,1683393009
554,guapi,2.5708,-77.8854,30.29,72,98,3.46,CO,1683393009
555,lagos,6.5833,3.75,29.18,69,100,3.5,NG,1683392702
556,cold lake,54.4502,-110.2017,10.26,60,5,5.35,CA,1683393009
557,bambanglipuro,-7.95,110.2833,26.05,88,100,3.52,ID,1683393010
558,kutum,14.2,24.6667,30.42,7,6,4.21,SD,1683393010
559,patong,7.8961,98.2966,31.68,99,80,4.82,TH,1683393012
560,pacasmayo,-7.4006,-79.5714,26.03,69,17,5.67,PE,1683393012
561,rio grande,-32.035,-52.0986,21.06,93,100,4.74,BR,1683392941
562,thunder bay,48.4001,-89.3168,5.57,97,100,4.38,CA,1683392869
563,coquimbo,-29.9533,-71.3436,17.85,59,20,3.09,CL,1683392197
564,esqueda,30.7167,-109.5833,22.41,13,69,4.87,MX,1683393014
